Workbook

Sheet sum of treatment cost
A1: Age | B1: (All)
A3: Row Labels | B3: Sum of TreatmentCost
A4: Aadhya Chauhan | B4: 123456.01
A5: Aadhya Gupta | B5: 102759.86
A6: Aadhya Kapoor | B6: 22220.14
A7: Aadhya Kumar | B7: 71743.59
A8: Aadhya Malhotra | B8: 174547.82
A9: Aadhya Mehta | B9: 121515.44
A10: Aadhya Mishra | B10: 217831.82
A11: Aadhya Nair | B11: 418507.86
A12: Aadhya Patel | B12: 127981.84
A13: Aadhya Pillai | B13: 44972.57
A14: Aadhya Reddy | B14: 9494.51
A15: Aadhya Saxena | B15: 61708.61
... A574: Grand Total | B574: 92043546

Sheet charts of patients
A1: Age | B1: 30
A3: Row Labels | B3: Sum of DiagnosisID | C3: Sum of Age
A4: Aditi Gupta | B4: 5 | C4: 30
A5: Dev Nair | B5: 10 | C5: 30
A6: Kabir Pillai | B6: 7 | C6: 30
A7: Krishna Patel | B7: 3 | C7: 30
A8: Naina Yadav | B8: 9 | C8: 30
A9: Saanvi Saxena | B9: 2 | C9: 30
A10: Sneha Sharma | B10: 3 | C10: 30
A11: Yash Patel | B11: 1 | C11: 30
A12: Grand Total | B12: 40 | C12: 240

Sheet Patients
A1: PatientID | B1: Name | C1: Age | D1: gender | E1: DiagnosisID | F1: AdmissionDate | G1: DIschargeDate | H1: OutcomeID | I1: TreatmentCost | J1: Diagnosisname | K1: outcomeName | L1: Length of stay | M1: Abnormal Blood Sugar Flag | N1: Risk score
A2: 1 | B2: Ayaan Sharma | C2: 95 | D2: F | E2: 4 | F2: 45019 | G2: 45023 | H2: 3 | I2: 122614.16 | J2: =VLOOKUP(H2,Diagnosis!$A:$B,2,FALSE) -> Asthma | K2: =VLOOKUP(H2,Outcome!A$2:$B$7,2,FALSE) -> Ongoing Treatment | L2: =DATEDIF(F2,G2,"d") -> 4 | M2: =IF(Labs!E$3>120,"High","Normal") -> High | N2: =IF(OR(C2>65,H2<>1),"High Risk","low risk") -> High Risk
A3: 2 | B3: Manav Singh | C3: 76 | D3: F | E3: 1 | F3: 44623 | G3: 44625 | H3: 1 | I3: 92200.56 | J3: =VLOOKUP(H3,Diagnosis!$A:$B,2,FALSE) -> Diabetes | K3: =VLOOKUP(H3,Outcome!A$2:$B$7,2,FALSE) -> Recovered | L3: =DATEDIF(F3,G3,"d") -> 2 | M3: =IF(Labs!E$3>120,"High","Normal") -> High | N3: =IF(OR(C3>65,H3<>1),"High Risk","low risk") -> High Risk
A4: 3 | B4: Vivaan Pillai | C4: 26 | D4: F | E4: 4 | F4: 45481 | G4: 45499 | H4: 1 | I4: 156800.81 | J4: =VLOOKUP(H4,Diagnosis!$A:$B,2,FALSE) -> Diabetes | K4: =VLOOKUP(H4,Outcome!A$2:$B$7,2,FALSE) -> Recovered | L4: =DATEDIF(F4,G4,"d") -> 18 | M4: =IF(Labs!E4>120,"High","Normal") -> High | N4: =IF(OR(C4>65,H4<>1),"High Risk","low risk") -> low risk
A5: 4 | B5: Ananya Malhotra | C5: 44 | D5: F | E5: 3 | F5: 45002 | G5: 45032 | H5: 3 | I5: 20642.32 | J5: =VLOOKUP(H5,Diagnosis!$A:$B,2,FALSE) -> Asthma | K5: =VLOOKUP(H5,Outcome!A$2:$B$7,2,FALSE) -> Ongoing Treatment | L5: =DATEDIF(F5,G5,"d") -> 30 | M5: =IF(Labs!E5>120,"High","Normal") -> High | N5: =IF(OR(C5>65,H5<>1),"High Risk","low risk") -> High Risk
A6: 5 | B6: Amit Patel | C6: 46 | D6: F | E6: 10 | F6: 45103 | G6: 45128 | H6: 1 | I6: 84047.92 | J6: =VLOOKUP(H6,Diagnosis!$A:$B,2,FALSE) -> Diabetes | K6: =VLOOKUP(H6,Outcome!A$2:$B$7,2,FALSE) -> Recovered | L6: =DATEDIF(F6,G6,"d") -> 25 | M6: =IF(Labs!E6>120,"High","Normal") -> High | N6: =IF(OR(C6>65,H6<>1),"High Risk","low risk") -> low risk
A7: 6 | B7: Ayaan Das | C7: 11 | D7: F | E7: 10 | F7: 45302 | G7: 45320 | H7: 1 | I7: 14846.04 | J7: =VLOOKUP(H7,Diagnosis!$A:$B,2,FALSE) -> Diabetes | K7: =VLOOKUP(H7,Outcome!A$2:$B$7,2,FALSE) -> Recovered | L7: =DATEDIF(F7,G7,"d") -> 18 | M7: =IF(Labs!E7>120,"High","Normal") -> High | N7: =IF(OR(C7>65,H7<>1),"High Risk","low risk") -> low risk
A8: 7 | B8: Pari Nair | C8: 11 | D8: M | E8: 2 | F8: 45340 | G8: 45348 | H8: 2 | I8: 150554.6 | J8: =VLOOKUP(H8,Diagnosis!$A:$B,2,FALSE) -> Hypertension | K8: =VLOOKUP(H8,Outcome!A$2:$B$7,2,FALSE) -> Improved | L8: =DATEDIF(F8,G8,"d") -> 8 | M8: =IF(Labs!E8>120,"High","Normal") -> High | N8: =IF(OR(C8>65,H8<>1),"High Risk","low risk") -> High Risk
A9: 8 | B9: Ananya Kapoor | C9: 46 | D9: M | E9: 5 | F9: 45999 | G9: 46028 | H9: 3 | I9: 15173.95 | J9: =VLOOKUP(H9,Diagnosis!$A:$B,2,FALSE) -> Asthma | K9: =VLOOKUP(H9,Outcome!A$2:$B$7,2,FALSE) -> Ongoing Treatment | L9: =DATEDIF(F9,G9,"d") -> 29 | M9: =IF(Labs!E9>120,"High","Normal") -> High | N9: =IF(OR(C9>65,H9<>1),"High Risk","low risk") -> High Risk
A10: 9 | B10: Ananya Pillai | C10: 94 | D10: M | E10: 3 | F10: 45508 | G10: 45520 | H10: 1 | I10: 166756.93 | J10: =VLOOKUP(H10,Diagnosis!$A:$B,2,FALSE) -> Diabetes | K10: =VLOOKUP(H10,Outcome!A$2:$B$7,2,FALSE) -> Recovered | L10: =DATEDIF(F10,G10,"d") -> 12 | M10: =IF(Labs!E10>120,"High","Normal") -> High | N10: =IF(OR(C10>65,H10<>1),"High Risk","low risk") -> High Risk
A11: 10 | B11: Riya Mishra | C11: 88 | D11: F | E11: 1 | F11: 45031 | G11: 45057 | H11: 1 | I11: 58492.92 | J11: =VLOOKUP(H11,Diagnosis!$A:$B,2,FALSE) -> Diabetes | K11: =VLOOKUP(H11,Outcome!A$2:$B$7,2,FALSE) -> Recovered | L11: =DATEDIF(F11,G11,"d") -> 26 | M11: =IF(Labs!E11>120,"High","Normal") -> High | N11: =IF(OR(C11>65,H11<>1),"High Risk","low risk") -> High Risk
A12: 11 | B12: Ira Singh | C12: 28 | D12: F | E12: 4 | F12: 45904 | G12: 45919 | H12: 2 | I12: 164832.2 | J12: =VLOOKUP(H12,Diagnosis!$A:$B,2,FALSE) -> Hypertension | K12: =VLOOKUP(H12,Outcome!A$2:$B$7,2,FALSE) -> Improved | L12: =DATEDIF(F12,G12,"d") -> 15 | M12: =IF(Labs!E12>120,"High","Normal") -> High | N12: =IF(OR(C12>65,H12<>1),"High Risk","low risk") -> High Risk
A13: 12 | B13: Simran Gupta | C13: 34 | D13: M | E13: 4 | F13: 46087 | G13: 46104 | H13: 2 | I13: 135094.95 | J13: =VLOOKUP(H13,Diagnosis!$A:$B,2,FALSE) -> Hypertension | K13: =VLOOKUP(H13,Outcome!A$2:$B$7,2,FALSE) -> Improved | L13: =DATEDIF(F13,G13,"d") -> 17 | M13: =IF(Labs!E13>120,"High","Normal") -> High | N13: =IF(OR(C13>65,H13<>1),"High Risk","low risk") -> High Risk
A14: 13 | B14: Pooja Bose | C14: 52 | D14: F | E14: 4 | F14: 44845 | G14: 44861 | H14: 2 | I14: 136651.33 | J14: =VLOOKUP(H14,Diagnosis!$A:$B,2,FALSE) -> Hypertension | K14: =VLOOKUP(H14,Outcome!A$2:$B$7,2,FALSE) -> Improved | L14: =DATEDIF(F14,G14,"d") -> 16 | M14: =IF(Labs!E14>120,"High","Normal") -> High | N14: =IF(OR(C14>65,H14<>1),"High Risk","low risk") -> High Risk
A15: 14 | B15: Ayaan Gupta | C15: 81 | D15: M | E15: 7 | F15: 45783 | G15: 45785 | H15: 2 | I15: 108270.2 | J15: =VLOOKUP(H15,Diagnosis!$A:$B,2,FALSE) -> Hypertension | K15: =VLOOKUP(H15,Outcome!A$2:$B$7,2,FALSE) -> Improved | L15: =DATEDIF(F15,G15,"d") -> 2 | M15: =IF(Labs!E15>120,"High","Normal") -> High | N15: =IF(OR(C15>65,H15<>1),"High Risk","low risk") -> High Risk
... A1000: 999 | B1000: Rahul Reddy | C1000: 91 | D1000: F | E1000: 5 | F1000: 45065 | G1000: 45086 | H1000: 6 | I1000: 63139.29 | J1000: =VLOOKUP(H1000,Diagnosis!$A:$B,2,FALSE) -> Kidney Disease | K1000: =VLOOKUP(H1000,Outcome!A$2:$B$7,2,FALSE) -> Deceased | L1000: =DATEDIF(F1000,G1000,"d") -> 21 | M1000: =IF(Labs!E1000>120,"High","Normal") -> High | N1000: =IF(OR(C1000>65,H1000<>1),"High Risk","low risk") -> High Risk
A1001: 1000 | B1001: Simran Khan | C1001: 43 | D1001: M | E1001: 3 | F1001: 45885 | G1001: 45914 | H1001: 1 | I1001: 87083.89 | J1001: =VLOOKUP(H1001,Diagnosis!$A:$B,2,FALSE) -> Diabetes | K1001: =VLOOKUP(H1001,Outcome!A$2:$B$7,2,FALSE) -> Recovered | L1001: =DATEDIF(F1001,G1001,"d") -> 29 | M1001: =IF(Labs!E1001>120,"High","Normal") -> High

Sheet Diagnosis
A1: DiagnosisID | B1: DiagnosisName
A2: 1 | B2: Diabetes
A3: 2 | B3: Hypertension
A4: 3 | B4: Asthma
A5: 4 | B5: Pneumonia
A6: 5 | B6: Heart Disease
A7: 6 | B7: Kidney Disease
A8: 7 | B8: Anemia
A9: 8 | B9: Migraine
A10: 9 | B10: Arthritis
A11: 10 | B11: Gastroenteritis

Sheet Outcome
A1: OutcomeID | B1: OutcomeName
A2: 1 | B2: Recovered
A3: 2 | B3: Improved
A4: 3 | B4: Ongoing Treatment
A5: 4 | B5: Referred
A6: 5 | B6: Readmitted
A7: 6 | B7: Deceased

Sheet Labs
A1: LabID | B1: PatientID | C1: TestName | D1: Result | E1: NormalRange
A2: 1 | B2: 1 | C2: Blood Glucose | D2: 167.82 | E2: 70-110
A3: 2 | B3: 1 | C3: Cholesterol | D3: 259.3 | E3: 125-200
A4: 3 | B4: 1 | C4: Sodium | D4: 138.76 | E4: 135-145
A5: 4 | B5: 2 | C5: Sodium | D5: 145.32 | E5: 135-145
A6: 5 | B6: 2 | C6: CRP | D6: 13.02 | E6: 0-5
A7: 6 | B7: 2 | C7: Hemoglobin | D7: 7.81 | E7: 12-17
A8: 7 | B8: 3 | C8: Blood Glucose | D8: 130.3 | E8: 70-110
A9: 8 | B9: 3 | C9: Potassium | D9: 5.56 | E9: 3.5-5.1
A10: 9 | B10: 3 | C10: Hemoglobin | D10: 15.69 | E10: 12-17
A11: 10 | B11: 4 | C11: Platelet Count | D11: 393.7 | E11: 150-400
A12: 11 | B12: 4 | C12: Sodium | D12: 145.86 | E12: 135-145
A13: 12 | B13: 4 | C13: Cholesterol | D13: 316.76 | E13: 125-200
... A3001: 3000 | B3001: 1000 | C3001: Sodium | D3001: 129.79 | E3001: 135-145
